indice_tiempo,asalariados_priv_sin_estac,asalariados_pub_sin_estac,asalariados_casas_particulares_sin_estac,independientes_autonomos_sin_estac,independientes_monotributo_sin_estac,independientes_monotributo_social_sin_estac,total_sin_estac,asalariados_priv_estacionalidad
2012-01-01,6068.209,2549.87,389.749,408.234,1314.711,167.762,10898.535,6105.953
2012-02-01,6061.965,2610.457,390.33,408.144,1314.532,168.913,10954.341,6103.382
2012-03-01,6072.365,2622.48,390.324,407.753,1314.626,170.047,10977.595,6112.372
2012-04-01,6055.316,2625.363,391.722,408.094,1317.796,172.512,10970.803,6055.047
2012-05-01,6065.676,2597.9,393.054,408.112,1321.841,172.926,10959.509,6042.617
2012-06-01,6065.259,2632.427,394.675,408.661,1332.556,174.563,11008.141,6033.331
2012-07-01,6063.101,2628.809,395.905,408.636,1342.079,178.134,11016.664,6026.877
2012-08-01,6059.919,2636.889,397.549,408.273,1346.925,179.842,11029.397,6029.591
2012-09-01,6058.604,2632.419,398.648,408.254,1352.378,182.364,11032.667,6022.8
2012-10-01,6063.356,2640.621,399.695,408.282,1360.189,183.254,11055.397,6063.455
2012-11-01,6069.015,2655.895,401.084,408.978,1365.476,184.774,11085.222,6087.135
2012-12-01,6090.802,2658.461,402.216,409.964,1364.714,186.953,11113.11,6112.677
2013-01-01,6090.399,2714.203,407.944,411.077,1370.088,187.364,11181.075,6129.521
2013-02-01,6098.033,2720.737,410.249,420.818,1370.248,188.774,11208.859,6136.717
2013-03-01,6105.483,2724.997,409.05,422.507,1376.771,190.372,11229.179999999998,6139.607
2013-04-01,6115.479,2745.801,410.409,423.514,1384.022,192.11,11271.335,6121.609
2013-05-01,6109.269,2811.094,417.846,423.761,1393.872,193.743,11349.585,6085.388
2013-06-01,6103.301,2798.36,433.578,424.546,1402.481,196.469,11358.735,6065.404
2013-07-01,6110.298,2811.156,439.744,425.763,1411.92,203.751,11402.632,6077.981
2013-08-01,6124.671,2813.089,441.145,427.687,1424.168,242.333,11473.093,6092.965
2013-09-01,6115.526,2819.718,443.59,429.151,1437.754,274.123,11519.861999999996,6085.84
2013-10-01,6116.75,2836.444,446.228,428.429,1454.92,285.021,11567.792,6116.573
2013-11-01,6126.717,2837.936,449.387,426.678,1461.073,289.861,11591.652000000002,6141.608
2013-12-01,6122.737,2853.995,451.975,424.923,1461.135,293.069,11607.834,6147.924
2014-01-01,6115.614,2856.298,454.705,423.745,1462.699,294.183,11607.244000000002,6153.747
2014-02-01,6109.524,2864.802,456.497,421.449,1463.739,297.153,11613.164,6147.955
2014-03-01,6090.465,2814.11,454.648,423.858,1462.85,300.505,11546.436,6127.053
2014-04-01,6095.156,2874.81,454.184,423.286,1466.967,304.115,11618.518,6096.44
2014-05-01,6104.181,2884.234,456.429,420.775,1473.127,306.66,11645.406,6076.792
2014-06-01,6110.338,2892.561,459.437,417.401,1479.749,310.057,11669.543,6075.213
2014-07-01,6112.154,2902.26,460.551,415.325,1480.131,313.79,11684.211,6080.495
2014-08-01,6110.343,2907.23,460.497,413.307,1480.849,315.998,11688.224,6076.87
2014-09-01,6120.054,2925.307,460.449,410.621,1484.559,321.651,11722.641,6097.036
2014-10-01,6128.22,2928.843,460.77,408.225,1484.514,329.106,11739.678,6128.903
2014-11-01,6135.285,2943.592,459.892,407.133,1474.006,333.73,11753.638,6145.246
2014-12-01,6142.418,2942.113,448.128,406.947,1452.972,337.971,11730.549,6169.026
2015-01-01,6163.566,2956.204,440.605,407.046,1439.653,341.952,11749.026,6197.18
2015-02-01,6177.947,2967.228,440.666,412.635,1429.638,346.535,11774.648999999998,6215.585
2015-03-01,6187.7,2974.47,442.135,411.245,1432.931,348.214,11796.695000000002,6228.762
2015-04-01,6224.493,2988.568,441.649,411.79,1433.379,349.428,11849.307,6224.325
2015-05-01,6228.614,3003.183,441.573,411.497,1439.336,351.245,11875.448,6197.655
2015-06-01,6247.468,3015.716,441.351,411.641,1451.923,354.317,11922.416,6216.048
2015-07-01,6253.233,3056.886,441.784,411.021,1454.479,354.94,11972.343,6223.407
2015-08-01,6266.956,3066.368,442.844,409.863,1455.487,355.187,11996.705,6234.44
2015-09-01,6260.554,3068.779,443.524,409.961,1457.814,355.755,11996.387,6237.559
2015-10-01,6264.226,3083.835,444.118,408.965,1455.253,355.13,12011.527,6262.833
2015-11-01,6253.657,3093.182,445.144,408.099,1453.259,354.643,12007.984,6266.76
2015-12-01,6222.519,3088.93,445.521,406.73,1446.308,352.947,11962.955000000002,6246.526
2016-01-01,6208.425,3081.341,445.302,407.35,1443.829,355.03,11941.277,6237.176
2016-02-01,6206.326,3089.442,445.513,407.93,1440.19,355.706,11945.107000000002,6247.531
2016-03-01,6198.929,3101.056,448.186,409.204,1441.639,356.967,11955.981,6241.277
2016-04-01,6188.67,3101.949,450.758,409.918,1448.036,357.671,11957.002,6188.543
2016-05-01,6179.559,3102.368,452.668,417.162,1455.686,357.579,11965.022,6152.616
2016-06-01,6171.683,3109.822,453.741,418.937,1472.388,358.722,11985.293,6136.474
2016-07-01,6169.266,3113.778,454.163,417.215,1474.76,360.713,11989.895,6135.345
2016-08-01,6169.744,3115.046,454.989,416.515,1478.183,363.279,11997.756,6146.284
2016-09-01,6172.943,3115.602,455.703,415.271,1484.971,367.538,12012.028,6151.241
2016-10-01,6180.799,3112.729,456.312,414.384,1489.758,376.064,12030.046,6175.397
2016-11-01,6184.758,3117.742,457.658,413.223,1490.911,382.455,12046.747,6200.06
2016-12-01,6186.228,3120.798,459.336,411.601,1490.71,381.977,12050.65,6206.518
2017-01-01,6192.749,3123.061,460.271,408.151,1507.949,380.582,12072.763,6224.427
2017-02-01,6189.394,3123.582,461.298,405.483,1522.655,380.456,12082.868000000002,6226.59
2017-03-01,6201.636,3125.08,461.855,403.092,1519.37,387.697,12098.73,6248.45
2017-04-01,6198.529,3129.769,463.118,400.128,1520.005,388.414,12099.963000000003,6190.308
2017-05-01,6212.883,3139.956,465.788,400.303,1533.33,387.813,12140.073,6188.84
2017-06-01,6227.438,3142.704,465.677,399.629,1540.106,393.758,12169.312,6193.17
2017-07-01,6235.649,3148.546,467.138,399.484,1550.805,399.979,12201.601,6202.014
2017-08-01,6235.019,3149.52,467.843,399.474,1570.571,399.664,12222.091000000002,6212.041
2017-09-01,6245.881,3158.622,469.834,399.144,1582.271,409.836,12265.588000000002,6221.484
2017-10-01,6257.221,3156.589,471.971,402.1,1599.334,408.57,12295.785,6255.264
2017-11-01,6269.622,3160.77,473.545,402.458,1598.816,412.518,12317.729,6282.184
2017-12-01,6280.762,3164.849,475.054,402.92,1593.897,419.267,12336.749,6296.864
2018-01-01,6275.113,3178.343,477.086,402.772,1595.67,418.95,12347.934,6309.334
2018-02-01,6270.427,3160.515,478.771,403.033,1594.605,423.45,12330.801,6308.065
2018-03-01,6278.963,3161.798,480.837,403.327,1593.803,422.922,12341.649999999998,6322.588
2018-04-01,6281.78,3162.365,481.327,404.176,1596.03,417.185,12342.863,6279.701
2018-05-01,6275.383,3159.068,481.912,403.364,1600.804,414.333,12334.864,6251.076
2018-06-01,6254.378,3158.06,483.411,403.519,1606.964,404.968,12311.3,6216.704
2018-07-01,6244.024,3159.019,486.67,402.31,1606.353,343.524,12241.9,6215.106
2018-08-01,6234.897,3165.742,489.144,400.919,1609.538,346.569,12246.809,6212.924
2018-09-01,6210.124,3157.717,491.215,400.281,1615.725,345.805,12220.867000000002,6181.243
2018-10-01,6195.564,3161.88,490.026,399.21,1577.672,349.414,12173.766,6194.592
2018-11-01,6169.473,3159.354,490.595,399.659,1573.171,353.599,12145.851,6182.767
2018-12-01,6152.275,3158.298,491.009,399.16,1566.903,361.004,12128.649,6167.38
2019-01-01,6146.097,3167.496,491.924,400.968,1582.264,352.129,12140.878,6179.231
2019-02-01,6149.887,3170.414,493.18,400.333,1596.128,344.529,12154.471,6187.63
2019-03-01,6133.462,3168.247,494.253,399.908,1576.591,358.248,12130.709,6177.311
2019-04-01,6126.614,3181.362,495.803,399.353,1578.335,358.48,12139.946999999996,6126.454
2019-05-01,6120.147,3184.619,497.944,398.485,1585.064,355.112,12141.371,6097.027
2019-06-01,6112.573,3186.752,498.017,396.97,1582.443,356.626,12133.381,6070.263
2019-07-01,6105.669,3189.565,498.064,396.768,1595.982,350.896,12136.944,6079.692
2019-08-01,6095.11,3187.492,498.602,401.048,1605.902,365.491,12153.645,6071.154
2019-09-01,6066.144,3201.456,499.273,399.36,1622.095,359.306,12147.634,6041.85
2019-10-01,6042.925,3207.761,500.247,398.219,1629.358,355.482,12133.991999999998,6039.439
2019-11-01,6023.738,3205.088,500.186,404.843,1620.946,365.126,12119.927,6033.144
2019-12-01,6001.722,3212.114,500.075,404.871,1625.314,365.604,12109.7,6020.703
2020-01-01,5988.283,3209.104,499.558,402.679,1630.375,366.082,12096.081,6021.939
2020-02-01,5990.319,3210.764,500.091,397.82,1627.921,365.381,12092.296,6028.392
2020-03-01,5947.241,3216.689,498.742,392.21,1606.356,362.447,12023.685,5994.42
2020-04-01,5839.996,3206.588,490.421,383.995,1586.071,355.492,11862.563000000002,5836.865
2020-05-01,5814.934,3198.843,483.394,380.783,1551.608,352.847,11782.409,5787.439
2020-06-01,5808.857,3196.741,483.287,381.357,1569.694,350.222,11790.158,5776.556
2020-07-01,5794.039,3200.13,482.04,391.599,1593.849,355.47,11817.127,5768.547
2020-08-01,5796.4,3203.162,480.022,392.199,1625.234,352.064,11849.081000000002,5770.021
2020-09-01,5800.898,3204.74,478.126,390.491,1645.964,352.338,11872.557,5780.89
2020-10-01,5802.185,3204.653,477.009,384.637,1665.129,353.12,11886.733000000002,5795.055
2020-11-01,5808.462,3220.957,476.293,381.159,1652.335,354.306,11893.512,5816.818
2020-12-01,5806.318,3220.873,474.619,378.0,1645.718,353.201,11878.729000000005,5826.014
2021-01-01,5824.875,3226.559,474.102,377.201,1648.911,358.673,11910.321000000002,5850.593
2021-02-01,5837.084,3240.131,473.669,378.557,1655.519,363.008,11947.968,5872.011
2021-03-01,5861.14,3257.801,474.019,380.36,1663.803,363.169,12000.292,5907.382
2021-04-01,5895.368,3262.436,474.974,380.511,1686.952,361.188,12061.429,5895.112
2021-05-01,5896.908,3274.31,476.671,379.929,1693.213,366.73,12087.761,5869.969
2021-06-01,5901.457,3279.064,475.631,378.473,1708.858,368.181,12111.664,5869.182
2021-07-01,5902.621,3288.208,474.181,377.39,1732.469,367.039,12141.908,5876.034
2021-08-01,5916.293,3299.456,473.029,384.438,1736.687,394.486,12204.389,5895.277
2021-09-01,5936.462,3307.441,471.41,385.122,1767.665,401.37,12269.47,5916.087
2021-10-01,5950.935,3319.467,472.729,385.995,1785.084,398.016,12312.226,5940.33
2021-11-01,5974.69,3328.072,472.973,386.481,1800.237,394.207,12356.659999999998,5988.541
2021-12-01,6007.204,3337.09,474.114,386.777,1769.927,440.046,12415.158,6027.687
2022-01-01,6041.976,3336.823,473.203,386.802,1777.073,439.562,12455.438999999998,6069.317
2022-02-01,6060.13,3335.495,473.254,387.528,1799.685,441.73,12497.822,6095.135
2022-03-01,6085.435,3344.338,473.445,388.024,1818.827,438.318,12548.387,6129.715
2022-04-01,6115.841,3349.905,473.098,389.199,1844.415,435.827,12608.285000000002,6110.171
2022-05-01,6141.209,3357.109,474.23,391.056,1873.585,432.428,12669.616999999998,6117.962
2022-06-01,6168.561,3365.65,472.892,392.445,1824.604,512.695,12736.846999999998,6134.032
2022-07-01,6199.521,3376.244,472.69,394.175,1862.02,509.084,12813.734,6169.348
2022-08-01,6205.942,3369.726,472.225,392.45,1899.632,503.226,12843.201,6186.755
2022-09-01,6229.588,3375.027,471.427,391.946,1879.555,559.033,12906.576,6210.839
2022-10-01,6248.145,3378.07,470.269,393.711,1908.434,555.513,12954.142,6236.623
2022-11-01,6264.69,3388.382,469.463,396.352,1943.228,550.836,13012.951,6278.154
2022-12-01,6276.192,3387.957,468.963,397.968,1895.843,611.618,13038.541,6296.204
2023-01-01,6298.799,3399.833,468.505,400.029,1910.522,608.598,13086.285999999998,6333.404
2023-02-01,6312.769,3411.567,467.924,399.947,1920.933,603.94,13117.08,6348.193
2023-03-01,6335.646,3418.374,467.479,398.535,1920.406,602.117,13142.557,6377.525
2023-04-01,6351.555,3428.66,468.448,401.519,1926.381,602.716,13179.279,6339.738
2023-05-01,6368.923,3441.938,468.216,402.949,1967.51,597.922,13247.458000000002,6347.788
2023-06-01,6386.269,3451.033,467.851,404.638,1987.601,592.52,13289.912000000002,6353.117
2023-07-01,6405.046,3458.442,467.997,407.422,1984.376,612.028,13335.311000000002,6374.49
2023-08-01,6407.826,3468.288,467.828,409.341,2017.037,594.985,13365.305,6387.707
2023-09-01,6393.06,3466.483,468.301,410.955,2010.057,623.271,13372.127000000002,6371.65
2023-10-01,6380.548,3468.062,466.541,410.615,2042.447,605.915,13374.128,6374.399
2023-11-01,6372.692,3467.605,464.326,388.397,2037.762,634.72,13365.502,6385.764
2023-12-01,6361.349,3474.573,462.021,383.617,2044.814,637.406,13363.780000000002,6379.12
2024-01-01,6326.789,3443.336,459.759,384.467,2064.337,648.302,13326.99,6363.884
2024-02-01,6300.309,3443.275,457.402,407.039,2079.465,643.78,13331.270000000002,6337.933
2024-03-01,6275.657,3440.965,455.404,409.753,2077.508,631.509,13290.796,6306.558
2024-04-01,6259.03,3437.16,453.096,410.816,2077.369,631.509,13268.98,6257.457
2024-05-01,6249.547,3429.456,451.162,409.247,2072.457,651.195,13263.064,6227.984
2024-06-01,6239.542,3426.048,450.762,408.94,2069.413,657.714,13252.419000000002,6199.484
2024-07-01,6233.307,3422.778,449.62,407.693,2088.884,647.813,13250.095,6210.704
2024-08-01,6236.829,3420.35,449.517,405.83,2111.035,649.309,13272.87,6215.334
2024-09-01,6246.04,3419.044,449.617,404.353,2110.734,651.068,13280.855999999998,6224.246
2024-10-01,6253.531,3420.612,448.506,402.445,2097.846,650.96,13273.899999999998,6249.844
2024-11-01,6255.151,3418.073,447.756,400.947,2086.574,653.385,13261.886,6267.843
2024-12-01,6263.79,3413.709,446.012,400.126,2084.244,259.193,12867.074,6285.719
2025-01-01,6254.887,3419.357,444.488,398.834,2102.006,251.778,12871.35,6290.114
2025-02-01,6265.081,3407.758,444.287,397.21,2119.664,241.669,12875.669,6298.957
2025-03-01,6253.922,3408.332,443.829,394.504,2129.683,234.869,12865.139,6285.043
2025-04-01,6265.115,3409.081,442.424,393.988,2138.43,231.214,12880.252,6258.727
2025-05-01,6267.704,3402.227,441.397,394.516,2155.663,229.109,12890.616000000002,6244.075
2025-06-01,6252.581,3410.025,440.589,394.298,2166.291,226.477,12890.261,6216.843
2025-07-01,6240.464,3407.837,440.216,393.988,2156.058,248.934,12887.496999999998,6216.831
2025-08-01,6228.961,3405.076,439.55,394.181,2165.171,248.046,12880.985,6204.933
2025-09-01,6216.154,3406.793,438.472,392.758,2182.206,243.59,12879.973,6199.436
2025-10-01,6200.688,3402.539,437.572,395.534,2181.576,240.46,12858.369,6197.781
2025-11-01,6184.759,3396.55,438.665,396.762,2185.801,248.883,12851.420000000002,6193.022
2025-12-01,6172.347,3394.921,442.619,401.321,2190.948,253.014,12855.17,6196.922
2026-01-01,6165.21,3390.005,443.62,403.735,2203.163,249.435,12855.168,6197.108
2026-02-01,6162.911,3393.707,443.905,404.623,2207.951,247.025,12860.122,6196.504
2026-03-01,6153.932,3394.856,443.924,398.5,2205.357,241.837,12838.406,6187.535
2026-04-01,6141.363,3385.65,444.477,394.683,2198.096,236.702,12800.971,6134.249
2026-05-01,6132.641,3385.103,445.011,391.719,2202.428,232.076,12788.977999999996,6106.657
2026-06-01,6126.38,3379.976,444.139,388.856,2206.788,227.256,12773.395,6095.843
