vintage,date,value
2026-10-08,1811-01-01,0.233
2026-10-08,1812-01-01,0.233
2026-10-08,1813-01-01,0.233
2026-10-08,1814-01-01,0.233
2026-10-08,1815-01-01,0.233
2026-10-08,1816-01-01,0.233
2026-10-08,1817-01-01,0.233
2026-10-08,1818-01-01,0.233
2026-10-08,1819-01-01,0.233
2026-10-08,1820-01-01,0.233
2026-10-08,1824-01-01,0.236
2026-10-08,1825-01-01,0.236
2026-10-08,1826-01-01,0.236
2026-10-08,1827-01-01,0.236
2026-10-08,1828-01-01,0.236
2026-10-08,1853-01-01,0.485
2026-10-08,1854-01-01,0.485
2026-10-08,1855-01-01,0.485
2026-10-08,1856-01-01,0.485
2026-10-08,1857-01-01,0.485
2026-10-08,1858-01-01,0.485
2026-10-08,1859-01-01,0.485
2026-10-08,1860-01-01,0.485
2026-10-08,1861-01-01,0.485
2026-10-08,1862-01-01,0.485
2026-10-08,1863-01-01,0.485
2026-10-08,1864-01-01,0.485
2026-10-08,1865-01-01,0.485
2026-10-08,1866-01-01,0.485
2026-10-08,1867-01-01,0.485
2026-10-08,1868-01-01,0.485
2026-10-08,1869-01-01,0.485
2026-10-08,1870-01-01,0.485
2026-10-08,1871-01-01,0.485
2026-10-08,1872-01-01,0.485
2026-10-08,1873-01-01,0.485
2026-10-08,1874-01-01,0.485
2026-10-08,1875-01-01,0.485
2026-10-08,1876-01-01,0.485
2026-10-08,1877-01-01,0.485
2026-10-08,1878-01-01,0.485
2026-10-08,1879-01-01,0.485
2026-10-08,1880-01-01,0.485
2026-10-08,1881-01-01,0.485
2026-10-08,1882-01-01,0.485
2026-10-08,1883-01-01,0.485
2026-10-08,1884-01-01,0.485
2026-10-08,1885-01-01,0.485
2026-10-08,1886-01-01,0.485
2026-10-08,1887-01-01,0.485
2026-10-08,1888-01-01,0.485
2026-10-08,1889-01-01,0.485
2026-10-08,1890-01-01,0.485
2026-10-08,1891-01-01,0.485
2026-10-08,1892-01-01,0.485
2026-10-08,1893-01-01,0.485
2026-10-08,1894-01-01,0.485
2026-10-08,1895-01-01,0.485
2026-10-08,1896-01-01,0.485
2026-10-08,1897-01-01,0.485
2026-10-08,1898-01-01,0.485
2026-10-08,1899-01-01,0.485
2026-10-08,1900-01-01,0.562
2026-10-08,1901-01-01,0.562
2026-10-08,1902-01-01,0.562
2026-10-08,1903-01-01,0.562
2026-10-08,1904-01-01,0.562
2026-10-08,1905-01-01,0.557
2026-10-08,1906-01-01,0.557
2026-10-08,1907-01-01,0.566
2026-10-08,1908-01-01,0.566
2026-10-08,1909-01-01,0.566
2026-10-08,1910-01-01,0.566
2026-10-08,1911-01-01,0.566
2026-10-08,1912-01-01,0.566
2026-10-08,1913-01-01,0.612
2026-10-08,1914-01-01,0.612
2026-10-08,1915-01-01,0.612
2026-10-08,1916-01-01,0.698
2026-10-08,1917-01-01,0.71
2026-10-08,1918-01-01,0.684
2026-10-08,1919-01-01,0.684
2026-10-08,1920-01-01,0.684
2026-10-08,1921-01-01,0.684
2026-10-08,1922-01-01,0.65
2026-10-08,1923-01-01,0.65
2026-10-08,1924-01-01,0.65
2026-10-08,1925-01-01,0.65
2026-10-08,1926-01-01,0.65
2026-10-08,1927-01-01,0.65
2026-10-08,1928-01-01,0.65
2026-10-08,1929-01-01,0.665
2026-10-08,1930-01-01,0.665
2026-10-08,1931-01-01,0.659
2026-10-08,1932-01-01,0.626
2026-10-08,1933-01-01,0.626
2026-10-08,1934-01-01,0.626
2026-10-08,1935-01-01,0.626
2026-10-08,1936-01-01,0.626
2026-10-08,1937-01-01,0.626
2026-10-08,1938-01-01,0.603
2026-10-08,1939-01-01,0.603
2026-10-08,1940-01-01,0.603
2026-10-08,1941-01-01,0.616
2026-10-08,1942-01-01,0.616
2026-10-08,1943-01-01,0.616
2026-10-08,1946-01-01,0.397
2026-10-08,1947-01-01,0.397
2026-10-08,1948-01-01,0.372
2026-10-08,1949-01-01,0.364
2026-10-08,1950-01-01,0.364
2026-10-08,1951-01-01,0.364
2026-10-08,1952-01-01,0.364
2026-10-08,1953-01-01,0.364
2026-10-08,1954-01-01,0.364
2026-10-08,1955-01-01,0.364
2026-10-08,1958-01-01,0.55
2026-10-08,1959-01-01,0.617
2026-10-08,1960-01-01,0.617
2026-10-08,1961-01-01,0.617
2026-10-08,1962-01-01,0.617
2026-10-08,1963-01-01,0.674
2026-10-08,1964-01-01,0.734
2026-10-08,1965-01-01,0.756
2026-10-08,1966-01-01,0.756
2026-10-08,1973-01-01,0.496
2026-10-08,1974-01-01,0.505
2026-10-08,1975-01-01,0.505
2026-10-08,1976-01-01,0.505
2026-10-08,1983-01-01,0.615
2026-10-08,1984-01-01,0.683
2026-10-08,1985-01-01,0.683
2026-10-08,1986-01-01,0.683
2026-10-08,1987-01-01,0.683
2026-10-08,1988-01-01,0.683
2026-10-08,1989-01-01,0.713
2026-10-08,1990-01-01,0.655
2026-10-08,1991-01-01,0.683
2026-10-08,1992-01-01,0.683
2026-10-08,1993-01-01,0.683
2026-10-08,1994-01-01,0.683
2026-10-08,1995-01-01,0.726
2026-10-08,1996-01-01,0.699
2026-10-08,1997-01-01,0.699
2026-10-08,1998-01-01,0.699
2026-10-08,1999-01-01,0.699
2026-10-08,2000-01-01,0.727
2026-10-08,2001-01-01,0.763
2026-10-08,2002-01-01,0.755
2026-10-08,2003-01-01,0.755
2026-10-08,2004-01-01,0.755
2026-10-08,2005-01-01,0.745
2026-10-08,2006-01-01,0.745
2026-10-08,2007-01-01,0.729
2026-10-08,2008-01-01,0.734
2026-10-08,2009-01-01,0.734
2026-10-08,2010-01-01,0.749
2026-10-08,2011-01-01,0.711
2026-10-08,2012-01-01,0.703
2026-10-08,2013-01-01,0.702
2026-10-08,2014-01-01,0.708
2026-10-08,2015-01-01,0.751
2026-10-08,2016-01-01,0.833
2026-10-08,2017-01-01,0.826
2026-10-08,2018-01-01,0.8
2026-10-08,2019-01-01,0.77
2026-10-08,2020-01-01,0.708
2026-10-08,2021-01-01,0.751
2026-10-08,2022-01-01,0.725
2026-10-08,2023-01-01,0.81
2026-10-08,2024-01-01,0.804
2026-10-08,2025-01-01,0.8
