date,value,indigence,note,source
2003-07-01,58.2,21.1,"","Tornarolli (2018), CEDLAS Documento de Trabajo 226, Anexo B, Serie Comparable"
2004-01-01,56.8,19.5,"","Tornarolli (2018), CEDLAS Documento de Trabajo 226, Anexo B, Serie Comparable"
2004-07-01,52.3,16.9,"","Tornarolli (2018), CEDLAS Documento de Trabajo 226, Anexo B, Serie Comparable"
2005-01-01,50.9,15.0,"","Tornarolli (2018), CEDLAS Documento de Trabajo 226, Anexo B, Serie Comparable"
2005-07-01,46.5,13.4,"","Tornarolli (2018), CEDLAS Documento de Trabajo 226, Anexo B, Serie Comparable"
2006-01-01,43.4,12.1,"","Tornarolli (2018), CEDLAS Documento de Trabajo 226, Anexo B, Serie Comparable"
2006-07-01,39.5,10.1,"","Tornarolli (2018), CEDLAS Documento de Trabajo 226, Anexo B, Serie Comparable"
2007-01-01,37.6,9.0,"","Tornarolli (2018), CEDLAS Documento de Trabajo 226, Anexo B, Serie Comparable"
2007-07-01,37.2,8.7,"moving semester: Q4 2007 and Q1 2008","Tornarolli (2018), CEDLAS Documento de Trabajo 226, Anexo B, Serie Comparable"
2008-01-01,35.7,8.6,"","Tornarolli (2018), CEDLAS Documento de Trabajo 226, Anexo B, Serie Comparable"
2008-07-01,35.4,7.9,"","Tornarolli (2018), CEDLAS Documento de Trabajo 226, Anexo B, Serie Comparable"
2009-01-01,34.4,7.6,"","Tornarolli (2018), CEDLAS Documento de Trabajo 226, Anexo B, Serie Comparable"
2009-07-01,33.0,7.9,"","Tornarolli (2018), CEDLAS Documento de Trabajo 226, Anexo B, Serie Comparable"
2010-01-01,32.6,7.7,"","Tornarolli (2018), CEDLAS Documento de Trabajo 226, Anexo B, Serie Comparable"
2010-07-01,31.9,7.4,"","Tornarolli (2018), CEDLAS Documento de Trabajo 226, Anexo B, Serie Comparable"
2011-01-01,29.4,6.9,"","Tornarolli (2018), CEDLAS Documento de Trabajo 226, Anexo B, Serie Comparable"
2011-07-01,28.0,5.9,"","Tornarolli (2018), CEDLAS Documento de Trabajo 226, Anexo B, Serie Comparable"
2012-01-01,28.0,6.4,"","Tornarolli (2018), CEDLAS Documento de Trabajo 226, Anexo B, Serie Comparable"
2012-07-01,27.6,6.1,"","Tornarolli (2018), CEDLAS Documento de Trabajo 226, Anexo B, Serie Comparable"
2013-01-01,27.5,5.5,"","Tornarolli (2018), CEDLAS Documento de Trabajo 226, Anexo B, Serie Comparable"
2013-07-01,27.4,6.2,"","Tornarolli (2018), CEDLAS Documento de Trabajo 226, Anexo B, Serie Comparable"
2014-01-01,30.1,6.5,"","Tornarolli (2018), CEDLAS Documento de Trabajo 226, Anexo B, Serie Comparable"
2014-07-01,32.4,6.6,"","Tornarolli (2018), CEDLAS Documento de Trabajo 226, Anexo B, Serie Comparable"
2015-01-01,30.1,5.9,"","Tornarolli (2018), CEDLAS Documento de Trabajo 226, Anexo B, Serie Comparable"
2016-01-01,31.4,6.4,"moving semester: Q2 and Q3 2016","Tornarolli (2018), CEDLAS Documento de Trabajo 226, Anexo B, Serie Comparable"
2016-07-01,30.3,6.1,"","Tornarolli (2018), CEDLAS Documento de Trabajo 226, Anexo B, Serie Comparable"
2017-01-01,28.6,6.2,"","Tornarolli (2018), CEDLAS Documento de Trabajo 226, Anexo B, Serie Comparable"
